{
  "project_info": {
    "project_number": "480032980125",
    "firebase_url": "https://trippiefinaltwo.firebaseio.com",
    "project_id": "trippiefinaltwo",
    "storage_bucket": "trippiefinaltwo.appspot.com"
  },
  "client": [
    {
      "client_info": {
        "mobilesdk_app_id": "1:480032980125:android:6155e2ae50b2b4491f6874",
        "android_client_info": {
          "package_name": "com.experiments1.henry96.trippiefinaltwo"
        }
      },
      "oauth_client": [
        {
          "client_id": "480032980125-gji4k1k9alik0ngkn1iu7t89etpcki64.apps.googleusercontent.com",
          "client_type": 1,
          "android_info": {
            "package_name": "com.experiments1.henry96.trippiefinaltwo",
            "certificate_hash": "8af09fc17e2db43b0ac531cac5a0c0e0395d0152"
          }
        },
        {
          "client_id": "480032980125-iso99b6376r6gb9mnp2go3lqoa56r8l3.apps.googleusercontent.com",
          "client_type": 1,
          "android_info": {
            "package_name": "com.experiments1.henry96.trippiefinaltwo",
            "certificate_hash": "74a9c2aec1637f1d4edced2c87fe86b47da5753f"
          }
        },
        {
          "client_id": "480032980125-7a3bh4kqeb6p15gdha423apd1knvvg9l.apps.googleusercontent.com",
          "client_type": 1,
          "android_info": {
            "package_name": "com.experiments1.henry96.trippiefinaltwo",
            "certificate_hash": "05de580ba25c9ae13c20e528ff5df980afb76f2e"
          }
        },
        {
          "client_id": "480032980125-o5qv9n0obv2rcig3ijealtmjjkhju73n.apps.googleusercontent.com",
          "client_type": 1,
          "android_info": {
            "package_name": "com.experiments1.henry96.trippiefinaltwo",
            "certificate_hash": "9853abd345b83377c9a8b51c0ebfe5f27b144d17"
          }
        },
        {
          "client_id": "480032980125-r8dddb2ok8laga2ovd6d22upej9getr2.apps.googleusercontent.com",
          "client_type": 1,
          "android_info": {
            "package_name": "com.experiments1.henry96.trippiefinaltwo",
            "certificate_hash": "d471c55921306171a0b529b64a8cfe927c4ed209"
          }
        },
        {
          "client_id": "480032980125-frbeql99jqrvnefv1f02c2javt710erd.apps.googleusercontent.com",
          "client_type": 1,
          "android_info": {
            "package_name": "com.experiments1.henry96.trippiefinaltwo",
            "certificate_hash": "f0e49fed7e596ffddac31b0e42d6f3f02d40b9aa"
          }
        },
        {
          "client_id": "480032980125-kc1rn5bj1v8l70vfhdod3pj8qplgsptd.apps.googleusercontent.com",
          "client_type": 3
        }
      ],
      "api_key": [
        {
          "current_key": "AIzaSyB7_sp3HBWAsz2tEKDhrfPdYj98RuMyAK0"
        }
      ],
      "services": {
        "appinvite_service": {
          "other_platform_oauth_client": [
            {
              "client_id": "480032980125-kc1rn5bj1v8l70vfhdod3pj8qplgsptd.apps.googleusercontent.com",
              "client_type": 3
            }
          ]
        }
      }
    }
  ],
  "configuration_version": "1"
}