<?xml version="1.0" encoding="UTF-8"?>
<project-private xmlns="http://www.netbeans.org/ns/project-private/1">
    <editor-bookmarks xmlns="http://www.netbeans.org/ns/editor-bookmarks/2" lastBookmarkId="0"/>
    <open-files xmlns="http://www.netbeans.org/ns/projectui-open-files/2">
        <group>
            <file>file:/C:/Users/Sanket/Desktop/MIT/COURSES/Bachelors%20in%20Digital%20Tech/Quarter%203/Object%20Oriented%20Programming/Project/QualityCars/src/GUI/StockManagement/SearchByManufactureYearIFrame.java</file>
            <file>file:/C:/Users/Sanket/Desktop/MIT/COURSES/Bachelors%20in%20Digital%20Tech/Quarter%203/Object%20Oriented%20Programming/Project/QualityCars/src/GUI/StockManagement/UpdateCarIFrame.java</file>
            <file>file:/C:/Users/Sanket/Desktop/MIT/COURSES/Bachelors%20in%20Digital%20Tech/Quarter%203/Object%20Oriented%20Programming/Project/QualityCars/src/GUI/StockManagement/ShowCarDetailsIFrame.java</file>
            <file>file:/C:/Users/Sanket/Desktop/MIT/COURSES/Bachelors%20in%20Digital%20Tech/Quarter%203/Object%20Oriented%20Programming/Project/QualityCars/src/GUI/PersonManagement/UpdatePersonDetails.java</file>
            <file>file:/C:/Users/Sanket/Desktop/MIT/COURSES/Bachelors%20in%20Digital%20Tech/Quarter%203/Object%20Oriented%20Programming/Project/QualityCars/src/GUI/StockManagement/ShowAvailableCarsIFrame.java</file>
        </group>
    </open-files>
</project-private>
